{
 "name": "flare",
 "children": [
  {
   "name": "analytics",
   "children": [
    {
     "name": "cluster",
     "children": [
      {"name": "Visual Art", "size": 3938},
      {"name": "Music", "size": 3812}
     ]
    },
    {
     "name": "graph",
     "children": [
      {"name": "English", "size": 3534},
      {"name": "Film Studies", "size": 5731}
     ]
    },
    {
     "name": "optimization",
     "children": [
      {"name": "Drama", "size": 7074}
     ]
    }
   ]
  },
  {
   "name": "animate",
   "children": [
    {"name": "Nursing", "size": 17010},
    {"name": "Dentistry", "size": 5842},
    {
     "name": "interpolate",
     "children": [
      {"name": "Computer Science", "size": 1983},
      {"name": "Chemical Engineering", "size": 2047},
      {"name": "Electrical Engineering", "size": 1375}
     ]
    },
    {"name": "Art History", "size": 1041},
    {"name": "Philosophy", "size": 5176},
    {"name": "Video Game Studies", "size": 449},
    {"name": "Gender Studies", "size": 5593}
   ]
  },
  {
   "name": "data",
   "children": [
    {
     "name": "converters",
     "children": [
      {"name": "Law", "size": 721},
      {"name": "Agriculture", "size": 4294}
     ]
    },
    {"name": "Economics", "size": 1759},
    {"name": "Finance", "size": 2165}
   ]
  },
  {
   "name": "display",
   "children": [
    {"name": "Accounting", "size": 8833},
    {"name": "Marketing", "size": 1732}
   ]
  },
  {
   "name": "flex",
   "children": [
    {"name": "Business Administration", "size": 4116}
   ]
  },
  {
   "name": "physics",
   "children": [
    {"name": "Design", "size": 1082},
    {"name": "Architecture", "size": 1336}
   ]
  },
  {
   "name": "query",
   "children": [
    {"name": "Civil Engineering", "size": 7616},
    {"name": "Chemistry", "size": 1843},
    {
     "name": "methods",
     "children": [
      {"name": "Forestry", "size": 593},
      {"name": "Anthropology", "size": 594}
     ]
    },
    {"name": "Sociology", "size": 843},
    {"name": "Philosophy", "size": 1554},
    {"name": "Classics", "size": 970}
   ]
  },
  {
   "name": "scale",
   "children": [
    {"name": "Education", "size": 2105},
    {"name": "French", "size": 1316},
    {"name": "Film Studies", "size": 3151},
    {"name": "Linguistics", "size": 3770}
   ]
  },
  {
   "name": "util",
   "children": [
    {"name": "Property Management", "size": 8258},
    {"name": "Library and Information Science", "size": 10993},
    {
     "name": "heap",
     "children": [
      {"name": "Communications", "size": 9354},
      {"name": "Medicine", "size": 1233}
     ]
    },
    {"name": "Mechanical Engineering", "size": 335},
    {"name": "Political Science", "size": 874},
    {
     "name": "math",
     "children": [
      {"name": "Psychology", "size": 3165},
      {"name": "Social Work", "size": 3366}
     ]
    },
    {"name": "Maths", "size": 17705},
    {"name": "Asian Studies", "size": 1486},
    {
     "name": "palette",
     "children": [
      {"name": "Religious Studies", "size": 367},
      {"name": "German", "size": 2291}
     ]
    },
    {"name": "Fashion", "size": 5559},
    {"name": "Nutrition and Food Science", "size": 19118}
   ]
  }
 ]
}